pseudo,nom,prenom,telephone,mail,admin,actif,site,plainPassword
lcaffery0,Leora,Caffery,8659058633,KBH4sMMu6Ei,false,false,Ozëry,PZxJ9bXjrmAM
jzuker1,Jerri,Zuker,8168024232,5zxGmuvCQBJa,false,false,Lees Summit,yycaiQoXSN3M
nculbert2,Nikolaos,Culbert,8906286412,XzF2uwK,false,true,Stockholm,0E6eyN0I
hantoniutti3,Harlen,Antoniutti,9053193812,i2hLIj,true,true,Ya’ngan,qH2Qvb
pskae4,Patrizia,Skae,9955019114,pv3lVDaJrQ1N,false,false,Boyu,pwk2z8RZ
jgoodered5,Jewelle,Goodered,8604701634,f4wd715k,true,false,Hartford,OfxJOspB
szumbusch6,Salvidor,Zumbusch,2103922640,YGpgyu,true,true,San Antonio,0QLe12KUIQK
awales7,Alaine,Wales,8406570398,Q19xQmpGR,false,true,Zarya,WnHLkIH
iroakes8,Isabeau,Roakes,4179889869,jsPwft5r0L,true,true,Loudun,89dS0eEuw4
spikett9,Sam,Pikett,8568407529,1kF4qh3W1Ch,true,true,Zhugang,vVs1gANwWCsT
jricciardoa,Julienne,Ricciardo,4709269529,PKOMwW7t,true,false,Baturité,bmwWNUIGv5
dserleb,Domeniga,Serle,1762962888,YgmTRsbF1J3z,true,false,Strzelce Krajeńskie,bSRDXPEXIV
ngleavec,Norman,Gleave,2174582636,gllesU4,true,true,Duping,VxeR0Ujjpu66
gsearyd,Garry,Seary,6217863756,br8qAdkiiX,true,false,Shuangqiao,gp8yTpU8WIe
kbehagge,Kalie,Behagg,4724142088,nZHHNZsjm9,false,false,Maulawin,7g05eyb
hgedgef,Hashim,Gedge,9971898926,MekP3H7Yo3,true,true,Zhongcun,nDZDBhilerU
cbicknellg,Caterina,Bicknell,4983745887,ylfaSF,true,false,Podsineye,dso18Cf
asouthallh,Arlette,Southall,9707476559,dKYxT7kW6F,true,true,Umm Şalāl ‘Alī,pwW4pvMKt
jgoulyi,Jeffrey,Gouly,9554626730,qeTWniDFL,true,true,Old Harbour Bay,y0TbK7pA
abaudinoj,Aridatha,Baudino,9535927638,kwkx2jG2Bycr,true,false,Zaokskiy,xLK4myK
sposkittk,Sarena,Poskitt,6282335709,y6ffgl,true,true,Grootfontein,8Wdoa9saZJF
vstithel,Virgie,Stithe,3687725612,SGyC9Xw,false,false,Tigbao,geqrDEye3LJ
jarlettm,Jany,Arlett,7072389811,S5ARaAnK6Yy,false,true,Bytkiv,NkXzwSt
elukasikn,Erl,Lukasik,3551950926,DChtSSv,true,false,Maddarulug Norte,iKx5Pwa
kstruteo,Kris,Strute,8613894832,PHMFcBcSk,true,false,Crespo,DRFLfrzbSTGz
rtremellingp,Rob,Tremelling,4233866777,8q9BjT72U,false,true,Tuzhai,7CP6QME
jbaggottq,Jannel,Baggott,8803453903,7ofHkx9,false,false,Ursk,DqaGuk3
bboudar,Basil,Bouda,2511964874,b56t8HVk,true,true,Bojonggenteng,qDvaNVFL
sbenians,Sophronia,Benian,9286099307,Fv09eY,true,false,Turtas,ds6mNqU0bB5T
ccorderoyt,Caddric,Corderoy,6659932144,su2cGocCJ,true,true,Tegina,06dd9l6
fpenhaligonu,Fredra,Penhaligon,1778735708,Kpdy15tDPpvH,false,false,Fangcun,bwmxQkn3nWKI
scuttellv,Sibby,Cuttell,1733623271,bvD0jl1tjx6O,false,true,Papër,B8YaGqeMCsI
lzanazziw,Lanie,Zanazzi,4219689981,XAsKjsEz,true,false,Bolotnoye,4363g8
ssichax,Sayer,Sicha,9098223071,yADKe3M5V,false,false,Fagersta,czPLCgfQfRpF
cgosswelly,Carmela,Gosswell,6675046851,h1T8cstey,true,false,Rancagua,2kwDJhEUyfeU
ggoulyz,Gael,Gouly,7316568709,sBruTwk,true,false,Saparbay,gxW4PJ0
gtibbotts10,Gretel,Tibbotts,7254218364,pVOCjNc,true,true,Alchevs’k,4KiWA8c
dschoolcroft11,Dorelle,Schoolcroft,6493152391,boHapju,false,true,Balaka,uLHC06
ahudghton12,Anni,Hudghton,5273258905,xMOLxgWNpMh,false,false,Yuejin,S4edBJlh3J
bkornyshev13,Babette,Kornyshev,6888381941,MGTXM1Fpr8,false,false,Taguing,j2CuDFSQk
awaddilow14,Annabell,Waddilow,3709335918,Ocr81khzHn,true,false,Watsa,TObduPG
shadlow15,Sher,Hadlow,3105361384,bXl8UJLSvYB2,false,true,Torrance,cB6SGpSKfBVx
nmclardie16,Nikkie,McLardie,1149417544,594KENLY,false,true,Chengjiao,RotmX6c1fLX
xkendrew17,Xenos,Kendrew,5493500461,gnmt0u,false,false,La Cumbre,HP8YszTBljB
hespinheira18,Herrick,Espinheira,2428130591,xPv6yU1aXu,true,true,Xiapu,6hXx5N7
mmoniker19,Marj,Moniker,8845458049,kVW7IDtv,false,true,Kamenica,iPIBUWf9Y
icollocott1a,Isadore,Collocott,8504961623,Bt6NAHRe,true,true,Ualog,tS3NtvJ81
mgresty1b,Mattie,Gresty,4685416663,yBjqeYyHxGq0,false,true,Floresta,KG3Tm2sks
ashakshaft1c,Augy,Shakshaft,3314739817,PjiL5RgDjUA,false,true,Pajarillo,acSgGsqUrSn1
aheare1d,Anitra,Heare,4784324981,unLU2k,true,false,Estância Velha,IyTX4EIG4
mellsom1e,Maible,Ellsom,8651441476,QUGmj4PXs6k,false,true,Palana,aa7fVuDxH
cbrittlebank1f,Caril,Brittlebank,8571765048,NuGWLLMn8Miq,false,true,Pulautemiang,eMcvqfI
alempke1g,Abram,Lempke,6847653591,3jBd6esjfk,true,true,Nagrog,eSdI0IpFU1U
ldecaze1h,Leo,Decaze,1186580531,IFws0P9Os,false,true,Cikarang,hQND9rHm3
tdinsey1i,Tye,Dinsey,9849973984,Ws7ute2st1,false,false,Yala,kWQpxPiSa
lgiannotti1j,Luke,Giannotti,4837032837,vFQcoC,false,true,Sharga,VTPg88wJ6
tmeddick1k,Terri-jo,Meddick,6147863886,FR4kSJk,false,false,Tumpang Satu,DjcIj8
doneill1l,Darelle,O'Neill,7468518110,cd9gtTocSEX,true,false,Montepuez,jYgcdmZWTPMo
eshilliday1m,Ethan,Shilliday,5096335004,3jloaA,true,true,Bến Cầu,O24Dmlue9
dmounter1n,Dodie,Mounter,1732442874,D1MgSU,false,true,Hezheng Chengguanzhen,V5UE3jaS
edumberell1o,Emalia,Dumberell,3985407413,7kYVsVDdK5,false,true,Dalakovo,5eC0L9yHFY
pcurzey1p,Phillie,Curzey,7085678668,GIoyADeUH4,false,false,Changtang,ies9n4gMqB
fbondley1q,Franky,Bondley,5842253640,XHipzGINTt7,false,true,Bakung,Kgs4bezw
mferrotti1r,Markos,Ferrotti,9726676466,7U6bkhvJy,false,true,Wushishi,KOj1FNbbDZV
clanfranconi1s,Christiano,Lanfranconi,7089402638,XWaVPQwC5,true,false,Juripiranga,86J1eRb
fellerington1t,Fan,Ellerington,4299409338,EHo24ug,true,false,Stalowa Wola,tqrHWVRI4p
ldavson1u,Lynn,Davson,4008874080,TMudrm0UXr,false,false,Vestmanna,eSoOYdo2GhBa
opartrick1v,Odelia,Partrick,7777320401,1WdPnE,false,false,Krajan Dua Padomasan,77gPrx1Gc
rstovine1w,Rosmunda,Stovine,8341496881,lZK5BX,false,true,Kalamáta,tEKsj4UB
reverist1x,Rica,Everist,6885905619,I9vS5iWec,false,false,Tornio,yg1jFWFPLNC
dwrought1y,Dionysus,Wrought,1215949000,akA4NaXM,false,true,Viçosa do Ceará,QnTH2I3O
bcove1z,Barthel,Cove,3641352865,18Ztk1ERL7RH,true,true,Saint-Denis,WEafazZ3W9
rgieves20,Rosanne,Gieves,9691469005,omsyFQ,true,true,Skovorodino,JSw0VC7Po
tmapis21,Trixy,Mapis,2379733717,ptkKFy0B,true,false,Zibu,3Vmv9X
dweerdenburg22,Dedie,Weerdenburg,7075064375,Cb3mWg,false,false,Chefchaouene,8HWxdmJ
fhouseley23,Frazier,Houseley,8322414915,UDYTzEZ8qVZ,true,false,Nossebro,Cis9vIjm
clandman24,Cody,Landman,6174634249,9W98JK,false,true,Jinrui,xPb553
bratcliff25,Burnard,Ratcliff,7168385057,35NGDNRIR,false,false,Aral,FqU6pHps
efreak26,Emelyne,Freak,2233145553,KX2R7c2nI,true,true,Aix-en-Provence,2nS7vxcwTq
sdobie27,Shari,Dobie,6052258455,7fxtjVgmpfFb,true,false,Bi’r al Ḩufayy,xM88ZjuZEc
chosby28,Cassie,Hosby,6711602101,DrWb9FAij1pb,false,false,Revolucion Verde,9kcz2Ixh
jgoodison29,Johny,Goodison,8115765707,9SuGiYF,true,true,Renliu,2CKbCSUsQr
bbroadbere2a,Bord,Broadbere,8894752147,2rIxwEPXJi,true,true,Aduo,ewt8uHt
efaragher2b,Emmit,Faragher,6083189397,Qw8gWtc7Z,false,true,San Luis,XffTA8cpc
rcassius2c,Royall,Cassius,8167666331,n1cbyNXopzuj,true,false,Tianning,2HhfuD8ODy
xkeemer2d,Xylia,Keemer,9329854282,5VglZgApOdK,false,false,Chaumont,hXyNbHJjL3tp
jreschke2e,Jillene,Reschke,3652244029,53IpuHaw5U,false,false,Hallstavik,cTQ6prdgd
mjaques2f,Maximilian,Jaques,4915844712,cihgpC,true,true,Cicapar,lrBrkR63I
lvalentine2g,Lacie,Valentine,5166161923,GMGupu,false,false,Great Neck,pzBmfJJeP
dmercey2h,Dene,Mercey,3559400223,Aqe7UX9v,false,true,Ettelbruck,ihYTEw1gK
jevershed2i,Jeffy,Evershed,8862186453,bkY1AJqR,false,false,Keboireng,gH9ncii
clodwick2j,Chevy,Lodwick,1378246821,QJMPzMGCe,true,false,Medveđa,pWzux601j7b
grumble2k,Gert,Rumble,1914259254,u1OxTgoNaYw,false,true,Sabang,L1K9JL
vrecher2l,Vito,Recher,6983777734,BQml3I,false,false,Miastków Kościelny,PLmBWnelPX
lcaulton2m,Lotta,Caulton,6823614500,D0e8fHm,false,true,Menampukrajan,qtAlgzdiOAv
lsilcocks2n,Leland,Silcocks,1061015131,AcEeDMum,false,false,Huai Yot,Oa1FYgG
yflippini2o,Yule,Flippini,7602139720,yrysPl,true,true,Soras,GBhN7HEah
gsevery2p,Georgianna,Severy,3782277888,1frCE3Z,true,false,Astromil,nN5n6hy82
hbayne2q,Heinrick,Bayne,5163551659,qnOb4zs,false,true,Schäffern,oQnc9OxsivD
lheadings2r,Lizabeth,Headings,8921055536,e5BZk9jpuJH0,false,false,Qizili,kemUTPi
